Workbook

Sheet Netflix_Data
A1: Content_ID | B1: Title | C1: Type | D1: Genre | E1: Release_Year | F1: Country | G1: Date_Added | H1: Duration_Min | I1: Age_Rating | J1: IMDb_Rating | K1: Views_Millions | L1: Language | M1: Director | N1: Lead_Actor | O1: Seasons | P1: Budget_Million_USD | Q1: Revenue_Million_USD | R1: CONTENT_STATUS | S1: POPULARITY | T1: FAMILY_CONTENT | U1: BUDGET | V1: PROFIT | W1: ROI%
A2: NFX-100001 | B2: Fading City 2 | C2: Movie | D2: Drama | E2: 2016 | F2: UK | G2: 2020-06-15 | H2: 172 | I2: 16+ | J2: 9 | K2: 441.1 | L2: Spanish | M2: Anurag Kashyap | N2: Ranbir Kapoor | P2: 31 | Q2: 195.2 | R2: =_xlfn.IFS(J2>=8,"Hit",J2>=6,"Average",J2<6,"Flop") -> Hit | S2: =_xlfn.IFS(K2>=400,"Blockbuster",K2>=200,"Popular",K2<200,"Normal") -> Blockbuster | T2: =IF(OR(I2="PG",I2="G"),"Yes","No") -> No | U2: =IF(P2>=100,"High","Low") -> Low | V2: =Q2-P2 -> 164.2 | W2: =(Q2/P2)*100 -> 629.67742
A3: NFX-100002 | B3: Crystal Frontier | C3: Movie | D3: Romance | E3: 2005 | F3: South Korea | G3: 2022-06-04 | H3: 143 | I3: PG-13 | J3: 7.4 | K3: 304.3 | L3: English | M3: Quentin Tarantino | N3: Jennifer Lawrence | P3: 63 | Q3: 143.5 | R3: =_xlfn.IFS(J3>=8,"Hit",J3>=6,"Average",J3<6,"Flop") -> Average | S3: =_xlfn.IFS(K3>=400,"Blockbuster",K3>=200,"Popular",K3<200,"Normal") -> Popular | T3: =IF(OR(I3="PG",I3="G"),"Yes","No") -> No | U3: =IF(P3>=100,"High","Low") -> Low | V3: =Q3-P3 -> 80.5 | W3: =(Q3/P3)*100 -> 227.77778
A4: NFX-100003 | B4: Last Journey 6 | C4: Movie | D4: Adventure | E4: 2018 | F4: India | G4: 2019-06-06 | H4: 86 | I4: PG | J4: 7.9 | K4: 88.6 | L4: French | M4: Christopher Nolan | N4: Timothée Chalamet | P4: 107 | Q4: 379.1 | R4: =_xlfn.IFS(J4>=8,"Hit",J4>=6,"Average",J4<6,"Flop") -> Average | S4: =_xlfn.IFS(K4>=400,"Blockbuster",K4>=200,"Popular",K4<200,"Normal") -> Normal | T4: =IF(OR(I4="PG",I4="G"),"Yes","No") -> Yes | U4: =IF(P4>=100,"High","Low") -> High | V4: =Q4-P4 -> 272.1 | W4: =(Q4/P4)*100 -> 354.29907
A5: NFX-100004 | B5: Crystal Odyssey | C5: TV Show | D5: Thriller | E5: 2007 | F5: Canada | G5: 2022-01-02 | H5: 49 | I5: G | J5: 5.9 | K5: 313.2 | L5: Spanish | M5: Christopher Nolan | N5: Ranbir Kapoor | O5: 3 | P5: 128 | Q5: 564.8 | R5: =_xlfn.IFS(J5>=8,"Hit",J5>=6,"Average",J5<6,"Flop") -> Flop | S5: =_xlfn.IFS(K5>=400,"Blockbuster",K5>=200,"Popular",K5<200,"Normal") -> Popular | T5: =IF(OR(I5="PG",I5="G"),"Yes","No") -> Yes | U5: =IF(P5>=100,"High","Low") -> High | V5: =Q5-P5 -> 436.8 | W5: =(Q5/P5)*100 -> 441.25
A6: NFX-100005 | B6: Dark Archive 8 | C6: Movie | D6: Drama | E6: 2007 | F6: India | G6: 2021-12-14 | H6: 95 | I6: PG-13 | J6: 4.6 | K6: 373.8 | L6: French | M6: Rajkumar Hirani | N6: Tom Hardy | P6: 86 | Q6: 168.7 | R6: =_xlfn.IFS(J6>=8,"Hit",J6>=6,"Average",J6<6,"Flop") -> Flop | S6: =_xlfn.IFS(K6>=400,"Blockbuster",K6>=200,"Popular",K6<200,"Normal") -> Popular | T6: =IF(OR(I6="PG",I6="G"),"Yes","No") -> No | U6: =IF(P6>=100,"High","Low") -> Low | V6: =Q6-P6 -> 82.7 | W6: =(Q6/P6)*100 -> 196.16279
A7: NFX-100006 | B7: Broken Empire | C7: TV Show | D7: Crime | E7: 2022 | F7: India | G7: 2023-11-15 | H7: 55 | I7: PG-13 | J7: 8.2 | K7: 134.9 | L7: English | M7: Rajkumar Hirani | N7: Brad Pitt | O7: 5 | P7: 37 | Q7: 74.1 | R7: =_xlfn.IFS(J7>=8,"Hit",J7>=6,"Average",J7<6,"Flop") -> Hit | S7: =_xlfn.IFS(K7>=400,"Blockbuster",K7>=200,"Popular",K7<200,"Normal") -> Normal | T7: =IF(OR(I7="PG",I7="G"),"Yes","No") -> No | U7: =IF(P7>=100,"High","Low") -> Low | V7: =Q7-P7 -> 37.1 | W7: =(Q7/P7)*100 -> 200.27027
A8: NFX-100007 | B8: Broken Legacy | C8: TV Show | D8: Action | E8: 2006 | F8: India | G8: 2022-06-28 | H8: 35 | I8: G | J8: 5 | K8: 446.5 | L8: Japanese | M8: Park Chan-wook | N8: Leonardo DiCaprio | O8: 1 | P8: 102 | Q8: 133.6 | R8: =_xlfn.IFS(J8>=8,"Hit",J8>=6,"Average",J8<6,"Flop") -> Flop | S8: =_xlfn.IFS(K8>=400,"Blockbuster",K8>=200,"Popular",K8<200,"Normal") -> Blockbuster | T8: =IF(OR(I8="PG",I8="G"),"Yes","No") -> Yes | U8: =IF(P8>=100,"High","Low") -> High | V8: =Q8-P8 -> 31.6 | W8: =(Q8/P8)*100 -> 130.98039
A9: NFX-100008 | B9: Silent Horizon | C9: Movie | D9: Drama | E9: 2021 | F9: South Korea | G9: 2018-03-28 | H9: 125 | I9: G | J9: 8.9 | K9: 497.1 | L9: Hindi | M9: Steven Spielberg | N9: Leonardo DiCaprio | P9: 170 | Q9: 468.9 | R9: =_xlfn.IFS(J9>=8,"Hit",J9>=6,"Average",J9<6,"Flop") -> Hit | S9: =_xlfn.IFS(K9>=400,"Blockbuster",K9>=200,"Popular",K9<200,"Normal") -> Blockbuster | T9: =IF(OR(I9="PG",I9="G"),"Yes","No") -> Yes | U9: =IF(P9>=100,"High","Low") -> High | V9: =Q9-P9 -> 298.9 | W9: =(Q9/P9)*100 -> 275.82353
A10: NFX-100009 | B10: Midnight Empire 5 | C10: TV Show | D10: Fantasy | E10: 2005 | F10: Spain | G10: 2019-11-09 | H10: 52 | I10: G | J10: 4.9 | K10: 590.4 | L10: Spanish | M10: Guillermo del Toro | N10: Chris Evans | O10: 2 | P10: 38 | Q10: 141 | R10: =_xlfn.IFS(J10>=8,"Hit",J10>=6,"Average",J10<6,"Flop") -> Flop | S10: =_xlfn.IFS(K10>=400,"Blockbuster",K10>=200,"Popular",K10<200,"Normal") -> Blockbuster | T10: =IF(OR(I10="PG",I10="G"),"Yes","No") -> Yes | U10: =IF(P10>=100,"High","Low") -> Low | V10: =Q10-P10 -> 103 | W10: =(Q10/P10)*100 -> 371.05263
A11: NFX-100010 | B11: Dark Legacy | C11: Movie | D11: Horror | E11: 2014 | F11: USA | G11: 2023-11-04 | H11: 108 | I11: 16+ | J11: 6 | K11: 229.3 | L11: French | M11: Bong Joon-ho | N11: Emma Stone | P11: 56 | Q11: 315.8 | R11: =_xlfn.IFS(J11>=8,"Hit",J11>=6,"Average",J11<6,"Flop") -> Average | S11: =_xlfn.IFS(K11>=400,"Blockbuster",K11>=200,"Popular",K11<200,"Normal") -> Popular | T11: =IF(OR(I11="PG",I11="G"),"Yes","No") -> No | U11: =IF(P11>=100,"High","Low") -> Low | V11: =Q11-P11 -> 259.8 | W11: =(Q11/P11)*100 -> 563.92857
A12: NFX-100011 | B12: Hidden Frontier 1 | C12: TV Show | D12: Adventure | E12: 2014 | F12: India | G12: 2019-01-27 | H12: 34 | I12: 16+ | J12: 5.6 | K12: 240.6 | L12: Korean | M12: Guillermo del Toro | N12: Song Kang-ho | O12: 1 | P12: 13 | Q12: 32.2 | R12: =_xlfn.IFS(J12>=8,"Hit",J12>=6,"Average",J12<6,"Flop") -> Flop | S12: =_xlfn.IFS(K12>=400,"Blockbuster",K12>=200,"Popular",K12<200,"Normal") -> Popular | T12: =IF(OR(I12="PG",I12="G"),"Yes","No") -> No | U12: =IF(P12>=100,"High","Low") -> Low | V12: =Q12-P12 -> 19.2 | W12: =(Q12/P12)*100 -> 247.69231
A13: NFX-100012 | B13: Lost Storm | C13: Movie | D13: Sci-Fi | E13: 2013 | F13: France | G13: 2019-03-03 | H13: 159 | I13: G | J13: 4.8 | K13: 404.3 | L13: French | M13: Denis Villeneuve | N13: Leonardo DiCaprio | P13: 40 | Q13: 129.1 | R13: =_xlfn.IFS(J13>=8,"Hit",J13>=6,"Average",J13<6,"Flop") -> Flop | S13: =_xlfn.IFS(K13>=400,"Blockbuster",K13>=200,"Popular",K13<200,"Normal") -> Blockbuster | T13: =IF(OR(I13="PG",I13="G"),"Yes","No") -> Yes | U13: =IF(P13>=100,"High","Low") -> Low | V13: =Q13-P13 -> 89.1 | W13: =(Q13/P13)*100 -> 322.75
A14: NFX-100013 | B14: Shadow Odyssey 1 | C14: Movie | D14: Sci-Fi | E14: 2001 | F14: Germany | G14: 2023-04-12 | H14: 117 | I14: PG | J14: 6 | K14: 3.2 | L14: Spanish | M14: Rajkumar Hirani | N14: Ryan Gosling | P14: 53 | Q14: 104.9 | R14: =_xlfn.IFS(J14>=8,"Hit",J14>=6,"Average",J14<6,"Flop") -> Average | S14: =_xlfn.IFS(K14>=400,"Blockbuster",K14>=200,"Popular",K14<200,"Normal") -> Normal | T14: =IF(OR(I14="PG",I14="G"),"Yes","No") -> Yes | U14: =IF(P14>=100,"High","Low") -> Low | V14: =Q14-P14 -> 51.9 | W14: =(Q14/P14)*100 -> 197.92453
A15: NFX-100014 | B15: Last Legacy | C15: TV Show | D15: Fantasy | E15: 2023 | F15: South Korea | G15: 2021-02-03 | H15: 44 | I15: PG | J15: 4.9 | K15: 599.3 | L15: Japanese | M15: Martin Scorsese | N15: Ranbir Kapoor | O15: 3 | P15: 6 | Q15: 33 | R15: =_xlfn.IFS(J15>=8,"Hit",J15>=6,"Average",J15<6,"Flop") -> Flop | S15: =_xlfn.IFS(K15>=400,"Blockbuster",K15>=200,"Popular",K15<200,"Normal") -> Blockbuster | T15: =IF(OR(I15="PG",I15="G"),"Yes","No") -> Yes | U15: =IF(P15>=100,"High","Low") -> Low | V15: =Q15-P15 -> 27 | W15: =(Q15/P15)*100 -> 550
A16: NFX-100015 | B16: Last Frontier | C16: Movie | D16: Fantasy | E16: 2001 | F16: Canada | G16: 2020-07-27 | H16: 111 | I16: 18+ | J16: 9.2 | K16: 506.4 | L16: English | M16: Zoya Akhtar | N16: Ryan Gosling | P16: 198 | Q16: 796.2 | R16: =_xlfn.IFS(J16>=8,"Hit",J16>=6,"Average",J16<6,"Flop") -> Hit | S16: =_xlfn.IFS(K16>=400,"Blockbuster",K16>=200,"Popular",K16<200,"Normal") -> Blockbuster | T16: =IF(OR(I16="PG",I16="G"),"Yes","No") -> No | U16: =IF(P16>=100,"High","Low") -> High | V16: =Q16-P16 -> 598.2 | W16: =(Q16/P16)*100 -> 402.12121
A17: NFX-100016 | B17: Last Frontier 2 | C17: TV Show | D17: Romance | E17: 2023 | F17: USA | G17: 2020-10-07 | H17: 38 | I17: 18+ | J17: 6.5 | K17: 289.3 | L17: Korean | M17: Steven Spielberg | N17: Tom Hardy | O17: 6 | P17: 55 | Q17: 323.1 | R17: =_xlfn.IFS(J17>=8,"Hit",J17>=6,"Average",J17<6,"Flop") -> Average | S17: =_xlfn.IFS(K17>=400,"Blockbuster",K17>=200,"Popular",K17<200,"Normal") -> Popular | T17: =IF(OR(I17="PG",I17="G"),"Yes","No") -> No | U17: =IF(P17>=100,"High","Low") -> Low | V17: =Q17-P17 -> 268.1 | W17: =(Q17/P17)*100 -> 587.45455
A18: NFX-100017 | B18: Hidden Journey 6 | C18: Movie | D18: Documentary | E18: 2016 | F18: USA | G18: 2023-10-22 | H18: 158 | I18: 18+ | J18: 6 | K18: 131.3 | L18: Korean | M18: Anurag Kashyap | N18: Deepika Padukone | P18: 83 | Q18: 176.8 | R18: =_xlfn.IFS(J18>=8,"Hit",J18>=6,"Average",J18<6,"Flop") -> Average | S18: =_xlfn.IFS(K18>=400,"Blockbuster",K18>=200,"Popular",K18<200,"Normal") -> Normal | T18: =IF(OR(I18="PG",I18="G"),"Yes","No") -> No | U18: =IF(P18>=100,"High","Low") -> Low | V18: =Q18-P18 -> 93.8 | W18: =(Q18/P18)*100 -> 213.01205
A19: NFX-100018 | B19: Burning Legacy | C19: Movie | D19: Thriller | E19: 2017 | F19: Japan | G19: 2022-06-05 | H19: 115 | I19: 18+ | J19: 5.6 | K19: 332.9 | L19: Hindi | M19: Sanjay Leela Bhansali | N19: Timothée Chalamet | P19: 171 | Q19: 809.6 | R19: =_xlfn.IFS(J19>=8,"Hit",J19>=6,"Average",J19<6,"Flop") -> Flop | S19: =_xlfn.IFS(K19>=400,"Blockbuster",K19>=200,"Popular",K19<200,"Normal") -> Popular | T19: =IF(OR(I19="PG",I19="G"),"Yes","No") -> No | U19: =IF(P19>=100,"High","Low") -> High | V19: =Q19-P19 -> 638.6 | W19: =(Q19/P19)*100 -> 473.45029
A20: NFX-100019 | B20: Fading Horizon 1 | C20: Movie | D20: Sci-Fi | E20: 2011 | F20: France | G20: 2024-06-25 | H20: 113 | I20: PG-13 | J20: 7.5 | K20: 242.6 | L20: French | M20: Bong Joon-ho | N20: Robert Downey Jr. | P20: 58 | Q20: 155 | R20: =_xlfn.IFS(J20>=8,"Hit",J20>=6,"Average",J20<6,"Flop") -> Average | S20: =_xlfn.IFS(K20>=400,"Blockbuster",K20>=200,"Popular",K20<200,"Normal") -> Popular | T20: =IF(OR(I20="PG",I20="G"),"Yes","No") -> No | U20: =IF(P20>=100,"High","Low") -> Low | V20: =Q20-P20 -> 97 | W20: =(Q20/P20)*100 -> 267.24138
A21: NFX-100020 | B21: Fading Echo 3 | C21: Movie | D21: Adventure | E21: 2015 | F21: India | G21: 2018-04-16 | H21: 154 | I21: PG | J21: 6.9 | K21: 83.4 | L21: Spanish | M21: James Cameron | N21: Ranbir Kapoor | P21: 175 | Q21: 428.2 | R21: =_xlfn.IFS(J21>=8,"Hit",J21>=6,"Average",J21<6,"Flop") -> Average | S21: =_xlfn.IFS(K21>=400,"Blockbuster",K21>=200,"Popular",K21<200,"Normal") -> Normal | T21: =IF(OR(I21="PG",I21="G"),"Yes","No") -> Yes | U21: =IF(P21>=100,"High","Low") -> High | V21: =Q21-P21 -> 253.2 | W21: =(Q21/P21)*100 -> 244.68571
A22: NFX-100021 | B22: Fading Valley | C22: TV Show | D22: Romance | E22: 2009 | F22: USA | G22: 2018-05-26 | H22: 35 | I22: PG | J22: 9.3 | K22: 587.8 | L22: Hindi | M22: Bong Joon-ho | N22: Chris Evans | O22: 5 | P22: 47 | Q22: 76.8 | R22: =_xlfn.IFS(J22>=8,"Hit",J22>=6,"Average",J22<6,"Flop") -> Hit | S22: =_xlfn.IFS(K22>=400,"Blockbuster",K22>=200,"Popular",K22<200,"Normal") -> Blockbuster | T22: =IF(OR(I22="PG",I22="G"),"Yes","No") -> Yes | U22: =IF(P22>=100,"High","Low") -> Low | V22: =Q22-P22 -> 29.8 | W22: =(Q22/P22)*100 -> 163.40426
A23: NFX-100022 | B23: Secret Storm 7 | C23: Movie | D23: Thriller | E23: 2010 | F23: UK | G23: 2018-06-21 | H23: 125 | I23: G | J23: 5.6 | K23: 271 | L23: Spanish | M23: James Cameron | N23: Emma Stone | P23: 104 | Q23: 318.6 | R23: =_xlfn.IFS(J23>=8,"Hit",J23>=6,"Average",J23<6,"Flop") -> Flop | S23: =_xlfn.IFS(K23>=400,"Blockbuster",K23>=200,"Popular",K23<200,"Normal") -> Popular | T23: =IF(OR(I23="PG",I23="G"),"Yes","No") -> Yes | U23: =IF(P23>=100,"High","Low") -> High | V23: =Q23-P23 -> 214.6 | W23: =(Q23/P23)*100 -> 306.34615
A24: NFX-100023 | B24: Secret Journey | C24: Movie | D24: Comedy | E24: 2009 | F24: UK | G24: 2022-05-17 | H24: 119 | I24: 16+ | J24: 4.8 | K24: 511.1 | L24: Japanese | M24: Park Chan-wook | N24: Emma Stone | P24: 64 | Q24: 97.1 | R24: =_xlfn.IFS(J24>=8,"Hit",J24>=6,"Average",J24<6,"Flop") -> Flop | S24: =_xlfn.IFS(K24>=400,"Blockbuster",K24>=200,"Popular",K24<200,"Normal") -> Blockbuster | T24: =IF(OR(I24="PG",I24="G"),"Yes","No") -> No | U24: =IF(P24>=100,"High","Low") -> Low | V24: =Q24-P24 -> 33.1 | W24: =(Q24/P24)*100 -> 151.71875
A25: NFX-100024 | B25: Midnight Legacy 3 | C25: Movie | D25: Romance | E25: 2007 | F25: France | G25: 2019-04-29 | H25: 135 | I25: PG | J25: 6.1 | K25: 555.7 | L25: French | M25: Greta Gerwig | N25: Song Kang-ho | P25: 122 | Q25: 615.7 | R25: =_xlfn.IFS(J25>=8,"Hit",J25>=6,"Average",J25<6,"Flop") -> Average | S25: =_xlfn.IFS(K25>=400,"Blockbuster",K25>=200,"Popular",K25<200,"Normal") -> Blockbuster | T25: =IF(OR(I25="PG",I25="G"),"Yes","No") -> Yes | U25: =IF(P25>=100,"High","Low") -> High | V25: =Q25-P25 -> 493.7 | W25: =(Q25/P25)*100 -> 504.67213
A26: NFX-100025 | B26: Last Protocol 3 | C26: Movie | D26: Crime | E26: 2013 | F26: France | G26: 2022-01-18 | H26: 101 | I26: 16+ | J26: 7.5 | K26: 475.5 | L26: Japanese | M26: James Cameron | N26: Jennifer Lawrence | P26: 39 | Q26: 175.3 | R26: =_xlfn.IFS(J26>=8,"Hit",J26>=6,"Average",J26<6,"Flop") -> Average | S26: =_xlfn.IFS(K26>=400,"Blockbuster",K26>=200,"Popular",K26<200,"Normal") -> Blockbuster | T26: =IF(OR(I26="PG",I26="G"),"Yes","No") -> No | U26: =IF(P26>=100,"High","Low") -> Low | V26: =Q26-P26 -> 136.3 | W26: =(Q26/P26)*100 -> 449.48718
A27: NFX-100026 | B27: Last Frontier 8 | C27: TV Show | D27: Crime | E27: 2010 | F27: South Korea | G27: 2022-09-04 | H27: 53 | I27: PG | J27: 9.1 | K27: 165 | L27: French | M27: Steven Spielberg | N27: Scarlett Johansson | O27: 8 | P27: 169 | Q27: 1000.7 | R27: =_xlfn.IFS(J27>=8,"Hit",J27>=6,"Average",J27<6,"Flop") -> Hit | S27: =_xlfn.IFS(K27>=400,"Blockbuster",K27>=200,"Popular",K27<200,"Normal") -> Normal | T27: =IF(OR(I27="PG",I27="G"),"Yes","No") -> Yes | U27: =IF(P27>=100,"High","Low") -> High | V27: =Q27-P27 -> 831.7 | W27: =(Q27/P27)*100 -> 592.13018
A28: NFX-100027 | B28: Rising Protocol | C28: Movie | D28: Documentary | E28: 2024 | F28: Japan | G28: 2018-08-27 | H28: 115 | I28: 16+ | J28: 8.4 | K28: 196.7 | L28: English | M28: Ridley Scott | N28: Shah Rukh Khan | P28: 137 | Q28: 496.6 | R28: =_xlfn.IFS(J28>=8,"Hit",J28>=6,"Average",J28<6,"Flop") -> Hit | S28: =_xlfn.IFS(K28>=400,"Blockbuster",K28>=200,"Popular",K28<200,"Normal") -> Normal | T28: =IF(OR(I28="PG",I28="G"),"Yes","No") -> No | U28: =IF(P28>=100,"High","Low") -> High | V28: =Q28-P28 -> 359.6 | W28: =(Q28/P28)*100 -> 362.48175
A29: NFX-100028 | B29: Hidden Code | C29: Movie | D29: Horror | E29: 2019 | F29: Canada | G29: 2024-06-12 | H29: 158 | I29: PG-13 | J29: 9.3 | K29: 86.5 | L29: French | M29: Rajkumar Hirani | N29: Brad Pitt | P29: 89 | Q29: 255 | R29: =_xlfn.IFS(J29>=8,"Hit",J29>=6,"Average",J29<6,"Flop") -> Hit | S29: =_xlfn.IFS(K29>=400,"Blockbuster",K29>=200,"Popular",K29<200,"Normal") -> Normal | T29: =IF(OR(I29="PG",I29="G"),"Yes","No") -> No | U29: =IF(P29>=100,"High","Low") -> Low | V29: =Q29-P29 -> 166 | W29: =(Q29/P29)*100 -> 286.51685
A30: NFX-100029 | B30: Burning Chronicles 6 | C30: Movie | D30: Action | E30: 2022 | F30: Japan | G30: 2018-12-21 | H30: 164 | I30: G | J30: 9.6 | K30: 368.6 | L30: Japanese | M30: Zoya Akhtar | N30: Brad Pitt | P30: 48 | Q30: 88.3 | R30: =_xlfn.IFS(J30>=8,"Hit",J30>=6,"Average",J30<6,"Flop") -> Hit | S30: =_xlfn.IFS(K30>=400,"Blockbuster",K30>=200,"Popular",K30<200,"Normal") -> Popular | T30: =IF(OR(I30="PG",I30="G"),"Yes","No") -> Yes | U30: =IF(P30>=100,"High","Low") -> Low | V30: =Q30-P30 -> 40.3 | W30: =(Q30/P30)*100 -> 183.95833
A31: NFX-100030 | B31: Broken Chronicles | C31: Movie | D31: Documentary | E31: 2021 | F31: UK | G31: 2018-07-15 | H31: 84 | I31: PG | J31: 9 | K31: 234.7 | L31: Korean | M31: James Cameron | N31: Chris Evans | P31: 83 | Q31: 369.5 | R31: =_xlfn.IFS(J31>=8,"Hit",J31>=6,"Average",J31<6,"Flop") -> Hit | S31: =_xlfn.IFS(K31>=400,"Blockbuster",K31>=200,"Popular",K31<200,"Normal") -> Popular | T31: =IF(OR(I31="PG",I31="G"),"Yes","No") -> Yes | U31: =IF(P31>=100,"High","Low") -> Low | V31: =Q31-P31 -> 286.5 | W31: =(Q31/P31)*100 -> 445.18072
A32: NFX-100031 | B32: Shadow Journey 6 | C32: TV Show | D32: Action | E32: 2006 | F32: Japan | G32: 2023-10-18 | H32: 41 | I32: G | J32: 8.4 | K32: 210.1 | L32: German | M32: James Cameron | N32: Deepika Padukone | O32: 2 | P32: 194 | Q32: 658.4 | R32: =_xlfn.IFS(J32>=8,"Hit",J32>=6,"Average",J32<6,"Flop") -> Hit | S32: =_xlfn.IFS(K32>=400,"Blockbuster",K32>=200,"Popular",K32<200,"Normal") -> Popular | T32: =IF(OR(I32="PG",I32="G"),"Yes","No") -> Yes | U32: =IF(P32>=100,"High","Low") -> High | V32: =Q32-P32 -> 464.4 | W32: =(Q32/P32)*100 -> 339.38144
A33: NFX-100032 | B33: Shadow Valley 1 | C33: Movie | D33: Action | E33: 2017 | F33: UK | G33: 2024-05-29 | H33: 152 | I33: PG-13 | J33: 8.6 | K33: 584.8 | L33: English | M33: Denis Villeneuve | N33: Jennifer Lawrence | P33: 134 | Q33: 583.2 | R33: =_xlfn.IFS(J33>=8,"Hit",J33>=6,"Average",J33<6,"Flop") -> Hit | S33: =_xlfn.IFS(K33>=400,"Blockbuster",K33>=200,"Popular",K33<200,"Normal") -> Blockbuster | T33: =IF(OR(I33="PG",I33="G"),"Yes","No") -> No | U33: =IF(P33>=100,"High","Low") -> High | V33: =Q33-P33 -> 449.2 | W33: =(Q33/P33)*100 -> 435.22388
A34: NFX-100033 | B34: Dark Frontier | C34: Movie | D34: Comedy | E34: 2011 | F34: Canada | G34: 2020-08-18 | H34: 145 | I34: PG | J34: 6.5 | K34: 539.8 | L34: English | M34: Sanjay Leela Bhansali | N34: Lee Jung-jae | P34: 48 | Q34: 106.8 | R34: =_xlfn.IFS(J34>=8,"Hit",J34>=6,"Average",J34<6,"Flop") -> Average | S34: =_xlfn.IFS(K34>=400,"Blockbuster",K34>=200,"Popular",K34<200,"Normal") -> Blockbuster | T34: =IF(OR(I34="PG",I34="G"),"Yes","No") -> Yes | U34: =IF(P34>=100,"High","Low") -> Low | V34: =Q34-P34 -> 58.8 | W34: =(Q34/P34)*100 -> 222.5
A35: NFX-100034 | B35: Secret Archive | C35: TV Show | D35: Fantasy | E35: 2017 | F35: Australia | G35: 2023-04-08 | H35: 51 | I35: G | J35: 6.7 | K35: 354.9 | L35: Korean | M35: Martin Scorsese | N35: Leonardo DiCaprio | O35: 7 | P35: 51 | Q35: 306.1 | R35: =_xlfn.IFS(J35>=8,"Hit",J35>=6,"Average",J35<6,"Flop") -> Average | S35: =_xlfn.IFS(K35>=400,"Blockbuster",K35>=200,"Popular",K35<200,"Normal") -> Popular | T35: =IF(OR(I35="PG",I35="G"),"Yes","No") -> Yes | U35: =IF(P35>=100,"High","Low") -> Low | V35: =Q35-P35 -> 255.1 | W35: =(Q35/P35)*100 -> 600.19608
A36: NFX-100035 | B36: Crystal Journey | C36: TV Show | D36: Fantasy | E36: 2001 | F36: South Korea | G36: 2022-02-17 | H36: 60 | I36: 18+ | J36: 5.4 | K36: 334.2 | L36: Hindi | M36: Denis Villeneuve | N36: Jennifer Lawrence | O36: 7 | P36: 22 | Q36: 126.2 | R36: =_xlfn.IFS(J36>=8,"Hit",J36>=6,"Average",J36<6,"Flop") -> Flop | S36: =_xlfn.IFS(K36>=400,"Blockbuster",K36>=200,"Popular",K36<200,"Normal") -> Popular | T36: =IF(OR(I36="PG",I36="G"),"Yes","No") -> No | U36: =IF(P36>=100,"High","Low") -> Low | V36: =Q36-P36 -> 104.2 | W36: =(Q36/P36)*100 -> 573.63636
A37: NFX-100036 | B37: Fading Signal | C37: TV Show | D37: Romance | E37: 2009 | F37: Japan | G37: 2022-10-09 | H37: 36 | I37: 18+ | J37: 7.2 | K37: 496.9 | L37: Korean | M37: Rajkumar Hirani | N37: Timothée Chalamet | O37: 4 | P37: 37 | Q37: 143 | R37: =_xlfn.IFS(J37>=8,"Hit",J37>=6,"Average",J37<6,"Flop") -> Average | S37: =_xlfn.IFS(K37>=400,"Blockbuster",K37>=200,"Popular",K37<200,"Normal") -> Blockbuster | T37: =IF(OR(I37="PG",I37="G"),"Yes","No") -> No | U37: =IF(P37>=100,"High","Low") -> Low | V37: =Q37-P37 -> 106 | W37: =(Q37/P37)*100 -> 386.48649
A38: NFX-100037 | B38: Lost Journey | C38: Movie | D38: Adventure | E38: 2025 | F38: Australia | G38: 2023-08-06 | H38: 134 | I38: 16+ | J38: 6 | K38: 130 | L38: Korean | M38: Denis Villeneuve | N38: Emma Stone | P38: 169 | Q38: 844.6 | R38: =_xlfn.IFS(J38>=8,"Hit",J38>=6,"Average",J38<6,"Flop") -> Average | S38: =_xlfn.IFS(K38>=400,"Blockbuster",K38>=200,"Popular",K38<200,"Normal") -> Normal | T38: =IF(OR(I38="PG",I38="G"),"Yes","No") -> No | U38: =IF(P38>=100,"High","Low") -> High | V38: =Q38-P38 -> 675.6 | W38: =(Q38/P38)*100 -> 499.76331
A39: NFX-100038 | B39: Fading Chronicles | C39: Movie | D39: Drama | E39: 2006 | F39: Japan | G39: 2024-06-20 | H39: 113 | I39: 18+ | J39: 5.4 | K39: 53.1 | L39: Korean | M39: Ridley Scott | N39: Timothée Chalamet | P39: 29 | Q39: 103.3 | R39: =_xlfn.IFS(J39>=8,"Hit",J39>=6,"Average",J39<6,"Flop") -> Flop | S39: =_xlfn.IFS(K39>=400,"Blockbuster",K39>=200,"Popular",K39<200,"Normal") -> Normal | T39: =IF(OR(I39="PG",I39="G"),"Yes","No") -> No | U39: =IF(P39>=100,"High","Low") -> Low | V39: =Q39-P39 -> 74.3 | W39: =(Q39/P39)*100 -> 356.2069
A40: NFX-100039 | B40: Dark Signal | C40: TV Show | D40: Thriller | E40: 2015 | F40: India | G40: 2023-06-04 | H40: 41 | I40: PG | J40: 8.2 | K40: 309.9 | L40: French | M40: Sanjay Leela Bhansali | N40: Song Kang-ho | O40: 4 | P40: 20 | Q40: 55.1 | R40: =_xlfn.IFS(J40>=8,"Hit",J40>=6,"Average",J40<6,"Flop") -> Hit | S40: =_xlfn.IFS(K40>=400,"Blockbuster",K40>=200,"Popular",K40<200,"Normal") -> Popular | T40: =IF(OR(I40="PG",I40="G"),"Yes","No") -> Yes | U40: =IF(P40>=100,"High","Low") -> Low | V40: =Q40-P40 -> 35.1 | W40: =(Q40/P40)*100 -> 275.5
A41: NFX-100040 | B41: Last Journey | C41: TV Show | D41: Sci-Fi | E41: 2021 | F41: USA | G41: 2021-04-13 | H41: 60 | I41: G | J41: 6.2 | K41: 150.6 | L41: English | M41: Rajkumar Hirani | N41: Scarlett Johansson | O41: 8 | P41: 103 | Q41: 144.4 | R41: =_xlfn.IFS(J41>=8,"Hit",J41>=6,"Average",J41<6,"Flop") -> Average | S41: =_xlfn.IFS(K41>=400,"Blockbuster",K41>=200,"Popular",K41<200,"Normal") -> Normal | T41: =IF(OR(I41="PG",I41="G"),"Yes","No") -> Yes | U41: =IF(P41>=100,"High","Low") -> High | V41: =Q41-P41 -> 41.4 | W41: =(Q41/P41)*100 -> 140.19417
A42: NFX-100041 | B42: Silent Empire | C42: Movie | D42: Horror | E42: 2012 | F42: Germany | G42: 2024-07-04 | H42: 174 | I42: PG | J42: 8.2 | K42: 578.7 | L42: German | M42: Martin Scorsese | N42: Tom Hardy | P42: 94 | Q42: 483.2 | R42: =_xlfn.IFS(J42>=8,"Hit",J42>=6,"Average",J42<6,"Flop") -> Hit | S42: =_xlfn.IFS(K42>=400,"Blockbuster",K42>=200,"Popular",K42<200,"Normal") -> Blockbuster | T42: =IF(OR(I42="PG",I42="G"),"Yes","No") -> Yes | U42: =IF(P42>=100,"High","Low") -> Low | V42: =Q42-P42 -> 389.2 | W42: =(Q42/P42)*100 -> 514.04255
A43: NFX-100042 | B43: Iron Legacy | C43: TV Show | D43: Drama | E43: 2003 | F43: USA | G43: 2024-03-31 | H43: 49 | I43: 18+ | J43: 8.5 | K43: 153 | L43: Spanish | M43: Zoya Akhtar | N43: Tom Hardy | O43: 6 | P43: 47 | Q43: 148.7 | R43: =_xlfn.IFS(J43>=8,"Hit",J43>=6,"Average",J43<6,"Flop") -> Hit | S43: =_xlfn.IFS(K43>=400,"Blockbuster",K43>=200,"Popular",K43<200,"Normal") -> Normal | T43: =IF(OR(I43="PG",I43="G"),"Yes","No") -> No | U43: =IF(P43>=100,"High","Low") -> Low | V43: =Q43-P43 -> 101.7 | W43: =(Q43/P43)*100 -> 316.38298
A44: NFX-100043 | B44: Hidden Frontier | C44: Movie | D44: Romance | E44: 2016 | F44: Australia | G44: 2020-07-05 | H44: 102 | I44: PG-13 | J44: 8.9 | K44: 8.4 | L44: Spanish | M44: James Cameron | N44: Shah Rukh Khan | P44: 109 | Q44: 406.4 | R44: =_xlfn.IFS(J44>=8,"Hit",J44>=6,"Average",J44<6,"Flop") -> Hit | S44: =_xlfn.IFS(K44>=400,"Blockbuster",K44>=200,"Popular",K44<200,"Normal") -> Normal | T44: =IF(OR(I44="PG",I44="G"),"Yes","No") -> No | U44: =IF(P44>=100,"High","Low") -> High | V44: =Q44-P44 -> 297.4 | W44: =(Q44/P44)*100 -> 372.84404
A45: NFX-100044 | B45: Rising Signal | C45: Movie | D45: Comedy | E45: 2022 | F45: Canada | G45: 2023-06-19 | H45: 104 | I45: 18+ | J45: 8.3 | K45: 27 | L45: Spanish | M45: Martin Scorsese | N45: Ryan Gosling | P45: 96 | Q45: 615.6 | R45: =_xlfn.IFS(J45>=8,"Hit",J45>=6,"Average",J45<6,"Flop") -> Hit | S45: =_xlfn.IFS(K45>=400,"Blockbuster",K45>=200,"Popular",K45<200,"Normal") -> Normal | T45: =IF(OR(I45="PG",I45="G"),"Yes","No") -> No | U45: =IF(P45>=100,"High","Low") -> Low | V45: =Q45-P45 -> 519.6 | W45: =(Q45/P45)*100 -> 641.25
A46: NFX-100045 | B46: Fading Frontier | C46: Movie | D46: Horror | E46: 2019 | F46: Australia | G46: 2018-10-11 | H46: 114 | I46: PG | J46: 4.9 | K46: 121.2 | L46: Korean | M46: Rajkumar Hirani | N46: Chris Evans | P46: 80 | Q46: 261.1 | R46: =_xlfn.IFS(J46>=8,"Hit",J46>=6,"Average",J46<6,"Flop") -> Flop | S46: =_xlfn.IFS(K46>=400,"Blockbuster",K46>=200,"Popular",K46<200,"Normal") -> Normal | T46: =IF(OR(I46="PG",I46="G"),"Yes","No") -> Yes | U46: =IF(P46>=100,"High","Low") -> Low | V46: =Q46-P46 -> 181.1 | W46: =(Q46/P46)*100 -> 326.375
A47: NFX-100046 | B47: Rising Storm | C47: Movie | D47: Horror | E47: 2019 | F47: Spain | G47: 2019-11-15 | H47: 157 | I47: PG-13 | J47: 6.4 | K47: 345.5 | L47: German | M47: Guillermo del Toro | N47: Lee Jung-jae | P47: 139 | Q47: 280.6 | R47: =_xlfn.IFS(J47>=8,"Hit",J47>=6,"Average",J47<6,"Flop") -> Average | S47: =_xlfn.IFS(K47>=400,"Blockbuster",K47>=200,"Popular",K47<200,"Normal") -> Popular | T47: =IF(OR(I47="PG",I47="G"),"Yes","No") -> No | U47: =IF(P47>=100,"High","Low") -> High | V47: =Q47-P47 -> 141.6 | W47: =(Q47/P47)*100 -> 201.8705
A48: NFX-100047 | B48: Iron Chronicles | C48: TV Show | D48: Thriller | E48: 2018 | F48: Spain | G48: 2018-07-09 | H48: 43 | I48: G | J48: 5.1 | K48: 180.5 | L48: Hindi | M48: Bong Joon-ho | N48: Leonardo DiCaprio | O48: 5 | P48: 157 | Q48: 200.3 | R48: =_xlfn.IFS(J48>=8,"Hit",J48>=6,"Average",J48<6,"Flop") -> Flop | S48: =_xlfn.IFS(K48>=400,"Blockbuster",K48>=200,"Popular",K48<200,"Normal") -> Normal | T48: =IF(OR(I48="PG",I48="G"),"Yes","No") -> Yes | U48: =IF(P48>=100,"High","Low") -> High | V48: =Q48-P48 -> 43.3 | W48: =(Q48/P48)*100 -> 127.57962
A49: NFX-100048 | B49: Lost Frontier 2 | C49: Movie | D49: Horror | E49: 2011 | F49: Spain | G49: 2023-09-11 | H49: 87 | I49: PG-13 | J49: 8.8 | K49: 392.9 | L49: Korean | M49: James Cameron | N49: Timothée Chalamet | P49: 11 | Q49: 40.7 | R49: =_xlfn.IFS(J49>=8,"Hit",J49>=6,"Average",J49<6,"Flop") -> Hit | S49: =_xlfn.IFS(K49>=400,"Blockbuster",K49>=200,"Popular",K49<200,"Normal") -> Popular | T49: =IF(OR(I49="PG",I49="G"),"Yes","No") -> No | U49: =IF(P49>=100,"High","Low") -> Low | V49: =Q49-P49 -> 29.7 | W49: =(Q49/P49)*100 -> 370
A50: NFX-100049 | B50: Secret Horizon 9 | C50: TV Show | D50: Crime | E50: 2018 | F50: UK | G50: 2021-07-30 | H50: 51 | I50: PG-13 | J50: 9.3 | K50: 536.2 | L50: Spanish | M50: Ridley Scott | N50: Scarlett Johansson | O50: 1 | P50: 134 | Q50: 644.8 | R50: =_xlfn.IFS(J50>=8,"Hit",J50>=6,"Average",J50<6,"Flop") -> Hit | S50: =_xlfn.IFS(K50>=400,"Blockbuster",K50>=200,"Popular",K50<200,"Normal") -> Blockbuster | T50: =IF(OR(I50="PG",I50="G"),"Yes","No") -> No | U50: =IF(P50>=100,"High","Low") -> High | V50: =Q50-P50 -> 510.8 | W50: =(Q50/P50)*100 -> 481.19403
A51: NFX-100050 | B51: Silent Signal 9 | C51: Movie | D51: Horror | E51: 2024 | F51: Japan | G51: 2021-05-13 | H51: 155 | I51: 18+ | J51: 7.6 | K51: 477 | L51: French | M51: Guillermo del Toro | N51: Brad Pitt | P51: 85 | Q51: 544.2 | R51: =_xlfn.IFS(J51>=8,"Hit",J51>=6,"Average",J51<6,"Flop") -> Average | S51: =_xlfn.IFS(K51>=400,"Blockbuster",K51>=200,"Popular",K51<200,"Normal") -> Blockbuster | T51: =IF(OR(I51="PG",I51="G"),"Yes","No") -> No | U51: =IF(P51>=100,"High","Low") -> Low | V51: =Q51-P51 -> 459.2 | W51: =(Q51/P51)*100 -> 640.23529
A52: NFX-100051 | B52: Shadow Frontier | C52: Movie | D52: Documentary | E52: 2021 | F52: Spain | G52: 2019-09-30 | H52: 149 | I52: 18+ | J52: 5.7 | K52: 585.5 | L52: French | M52: Guillermo del Toro | N52: Scarlett Johansson | P52: 20 | Q52: 114.5 | R52: =_xlfn.IFS(J52>=8,"Hit",J52>=6,"Average",J52<6,"Flop") -> Flop | S52: =_xlfn.IFS(K52>=400,"Blockbuster",K52>=200,"Popular",K52<200,"Normal") -> Blockbuster | T52: =IF(OR(I52="PG",I52="G"),"Yes","No") -> No | U52: =IF(P52>=100,"High","Low") -> Low | V52: =Q52-P52 -> 94.5 | W52: =(Q52/P52)*100 -> 572.5
A53: NFX-100052 | B53: Crystal Frontier 9 | C53: TV Show | D53: Comedy | E53: 2005 | F53: Japan | G53: 2022-12-04 | H53: 40 | I53: PG-13 | J53: 5.3 | K53: 397.5 | L53: Hindi | M53: Park Chan-wook | N53: Lee Jung-jae | O53: 3 | P53: 145 | Q53: 178.7 | R53: =_xlfn.IFS(J53>=8,"Hit",J53>=6,"Average",J53<6,"Flop") -> Flop | S53: =_xlfn.IFS(K53>=400,"Blockbuster",K53>=200,"Popular",K53<200,"Normal") -> Popular | T53: =IF(OR(I53="PG",I53="G"),"Yes","No") -> No | U53: =IF(P53>=100,"High","Low") -> High | V53: =Q53-P53 -> 33.7 | W53: =(Q53/P53)*100 -> 123.24138
A54: NFX-100053 | B54: Midnight Odyssey 8 | C54: TV Show | D54: Crime | E54: 2010 | F54: Australia | G54: 2018-01-08 | H54: 37 | I54: PG-13 | J54: 8 | K54: 42.7 | L54: Korean | M54: Zoya Akhtar | N54: Brad Pitt | O54: 5 | P54: 140 | Q54: 838.8 | R54: =_xlfn.IFS(J54>=8,"Hit",J54>=6,"Average",J54<6,"Flop") -> Hit | S54: =_xlfn.IFS(K54>=400,"Blockbuster",K54>=200,"Popular",K54<200,"Normal") -> Normal | T54: =IF(OR(I54="PG",I54="G"),"Yes","No") -> No | U54: =IF(P54>=100,"High","Low") -> High | V54: =Q54-P54 -> 698.8 | W54: =(Q54/P54)*100 -> 599.14286
A55: NFX-100054 | B55: Rising Horizon | C55: TV Show | D55: Documentary | E55: 2020 | F55: USA | G55: 2023-05-28 | H55: 39 | I55: PG-13 | J55: 6 | K55: 352 | L55: German | M55: Rajkumar Hirani | N55: Ranbir Kapoor | O55: 3 | P55: 126 | Q55: 623.7 | R55: =_xlfn.IFS(J55>=8,"Hit",J55>=6,"Average",J55<6,"Flop") -> Average | S55: =_xlfn.IFS(K55>=400,"Blockbuster",K55>=200,"Popular",K55<200,"Normal") -> Popular | T55: =IF(OR(I55="PG",I55="G"),"Yes","No") -> No | U55: =IF(P55>=100,"High","Low") -> High | V55: =Q55-P55 -> 497.7 | W55: =(Q55/P55)*100 -> 495
A56: NFX-100055 | B56: Secret Odyssey | C56: Movie | D56: Crime | E56: 2017 | F56: Japan | G56: 2018-08-04 | H56: 116 | I56: G | J56: 8.3 | K56: 210.7 | L56: French | M56: Steven Spielberg | N56: Tom Hardy | P56: 104 | Q56: 458.8 | R56: =_xlfn.IFS(J56>=8,"Hit",J56>=6,"Average",J56<6,"Flop") -> Hit | S56: =_xlfn.IFS(K56>=400,"Blockbuster",K56>=200,"Popular",K56<200,"Normal") -> Popular | T56: =IF(OR(I56="PG",I56="G"),"Yes","No") -> Yes | U56: =IF(P56>=100,"High","Low") -> High | V56: =Q56-P56 -> 354.8 | W56: =(Q56/P56)*100 -> 441.15385
A57: NFX-100056 | B57: Burning Journey 9 | C57: Movie | D57: Romance | E57: 2012 | F57: India | G57: 2023-05-07 | H57: 174 | I57: G | J57: 5.4 | K57: 345.7 | L57: English | M57: Zoya Akhtar | N57: Deepika Padukone | P57: 107 | Q57: 418.6 | R57: =_xlfn.IFS(J57>=8,"Hit",J57>=6,"Average",J57<6,"Flop") -> Flop | S57: =_xlfn.IFS(K57>=400,"Blockbuster",K57>=200,"Popular",K57<200,"Normal") -> Popular | T57: =IF(OR(I57="PG",I57="G"),"Yes","No") -> Yes | U57: =IF(P57>=100,"High","Low") -> High | V57: =Q57-P57 -> 311.6 | W57: =(Q57/P57)*100 -> 391.21495
A58: NFX-100057 | B58: Secret Valley | C58: Movie | D58: Action | E58: 2006 | F58: Spain | G58: 2022-04-27 | H58: 130 | I58: PG-13 | J58: 9 | K58: 152.8 | L58: Korean | M58: Zoya Akhtar | N58: Tom Hardy | P58: 161 | Q58: 250.5 | R58: =_xlfn.IFS(J58>=8,"Hit",J58>=6,"Average",J58<6,"Flop") -> Hit | S58: =_xlfn.IFS(K58>=400,"Blockbuster",K58>=200,"Popular",K58<200,"Normal") -> Normal | T58: =IF(OR(I58="PG",I58="G"),"Yes","No") -> No | U58: =IF(P58>=100,"High","Low") -> High | V58: =Q58-P58 -> 89.5 | W58: =(Q58/P58)*100 -> 155.59006
A59: NFX-100058 | B59: Shadow Journey | C59: TV Show | D59: Action | E59: 2019 | F59: Australia | G59: 2022-02-24 | H59: 60 | I59: 16+ | J59: 8.3 | K59: 343.5 | L59: Hindi | M59: Ridley Scott | N59: Chris Evans | O59: 5 | P59: 131 | Q59: 365.7 | R59: =_xlfn.IFS(J59>=8,"Hit",J59>=6,"Average",J59<6,"Flop") -> Hit | S59: =_xlfn.IFS(K59>=400,"Blockbuster",K59>=200,"Popular",K59<200,"Normal") -> Popular | T59: =IF(OR(I59="PG",I59="G"),"Yes","No") -> No | U59: =IF(P59>=100,"High","Low") -> High | V59: =Q59-P59 -> 234.7 | W59: =(Q59/P59)*100 -> 279.16031
A60: NFX-100059 | B60: Fading Odyssey | C60: Movie | D60: Romance | E60: 2010 | F60: Spain | G60: 2022-02-21 | H60: 160 | I60: PG-13 | J60: 5.8 | K60: 72.1 | L60: Japanese | M60: Quentin Tarantino | N60: Robert Downey Jr. | P60: 151 | Q60: 638.4 | R60: =_xlfn.IFS(J60>=8,"Hit",J60>=6,"Average",J60<6,"Flop") -> Flop | S60: =_xlfn.IFS(K60>=400,"Blockbuster",K60>=200,"Popular",K60<200,"Normal") -> Normal | T60: =IF(OR(I60="PG",I60="G"),"Yes","No") -> No | U60: =IF(P60>=100,"High","Low") -> High | V60: =Q60-P60 -> 487.4 | W60: =(Q60/P60)*100 -> 422.78146
A61: NFX-100060 | B61: Shadow Horizon | C61: TV Show | D61: Comedy | E61: 2020 | F61: South Korea | G61: 2024-07-15 | H61: 54 | I61: 16+ | J61: 4.8 | K61: 225 | L61: German | M61: Quentin Tarantino | N61: Ryan Gosling | O61: 7 | P61: 140 | Q61: 308.1 | R61: =_xlfn.IFS(J61>=8,"Hit",J61>=6,"Average",J61<6,"Flop") -> Flop | S61: =_xlfn.IFS(K61>=400,"Blockbuster",K61>=200,"Popular",K61<200,"Normal") -> Popular | T61: =IF(OR(I61="PG",I61="G"),"Yes","No") -> No | U61: =IF(P61>=100,"High","Low") -> High | V61: =Q61-P61 -> 168.1 | W61: =(Q61/P61)*100 -> 220.07143
A62: NFX-100061 | B62: Secret Valley 9 | C62: Movie | D62: Drama | E62: 2006 | F62: Japan | G62: 2022-06-24 | H62: 166 | I62: G | J62: 6.5 | K62: 446.1 | L62: Korean | M62: Park Chan-wook | N62: Scarlett Johansson | P62: 6 | Q62: 9.9 | R62: =_xlfn.IFS(J62>=8,"Hit",J62>=6,"Average",J62<6,"Flop") -> Average | S62: =_xlfn.IFS(K62>=400,"Blockbuster",K62>=200,"Popular",K62<200,"Normal") -> Blockbuster | T62: =IF(OR(I62="PG",I62="G"),"Yes","No") -> Yes | U62: =IF(P62>=100,"High","Low") -> Low | V62: =Q62-P62 -> 3.9 | W62: =(Q62/P62)*100 -> 165
A63: NFX-100062 | B63: Iron Empire | C63: Movie | D63: Documentary | E63: 2021 | F63: Australia | G63: 2023-07-24 | H63: 157 | I63: PG | J63: 5.5 | K63: 70.5 | L63: French | M63: Zoya Akhtar | N63: Timothée Chalamet | P63: 87 | Q63: 389.8 | R63: =_xlfn.IFS(J63>=8,"Hit",J63>=6,"Average",J63<6,"Flop") -> Flop | S63: =_xlfn.IFS(K63>=400,"Blockbuster",K63>=200,"Popular",K63<200,"Normal") -> Normal | T63: =IF(OR(I63="PG",I63="G"),"Yes","No") -> Yes | U63: =IF(P63>=100,"High","Low") -> Low | V63: =Q63-P63 -> 302.8 | W63: =(Q63/P63)*100 -> 448.04598
A64: NFX-100063 | B64: Broken Odyssey | C64: Movie | D64: Sci-Fi | E64: 2011 | F64: UK | G64: 2019-05-22 | H64: 131 | I64: PG | J64: 6.4 | K64: 369.8 | L64: French | M64: Zoya Akhtar | N64: Song Kang-ho | P64: 156 | Q64: 336.2 | R64: =_xlfn.IFS(J64>=8,"Hit",J64>=6,"Average",J64<6,"Flop") -> Average | S64: =_xlfn.IFS(K64>=400,"Blockbuster",K64>=200,"Popular",K64<200,"Normal") -> Popular | T64: =IF(OR(I64="PG",I64="G"),"Yes","No") -> Yes | U64: =IF(P64>=100,"High","Low") -> High | V64: =Q64-P64 -> 180.2 | W64: =(Q64/P64)*100 -> 215.51282
A65: NFX-100064 | B65: Dark Chronicles | C65: TV Show | D65: Adventure | E65: 2011 | F65: Canada | G65: 2019-05-04 | H65: 48 | I65: G | J65: 8.5 | K65: 135.9 | L65: Hindi | M65: Bong Joon-ho | N65: Ranbir Kapoor | O65: 8 | P65: 46 | Q65: 236.1 | R65: =_xlfn.IFS(J65>=8,"Hit",J65>=6,"Average",J65<6,"Flop") -> Hit | S65: =_xlfn.IFS(K65>=400,"Blockbuster",K65>=200,"Popular",K65<200,"Normal") -> Normal | T65: =IF(OR(I65="PG",I65="G"),"Yes","No") -> Yes | U65: =IF(P65>=100,"High","Low") -> Low | V65: =Q65-P65 -> 190.1 | W65: =(Q65/P65)*100 -> 513.26087
A66: NFX-100065 | B66: Burning Signal 4 | C66: TV Show | D66: Horror | E66: 2009 | F66: South Korea | G66: 2019-04-24 | H66: 50 | I66: 18+ | J66: 7.7 | K66: 409.4 | L66: Korean | M66: Zoya Akhtar | N66: Robert Downey Jr. | O66: 7 | P66: 72 | Q66: 401.6 | R66: =_xlfn.IFS(J66>=8,"Hit",J66>=6,"Average",J66<6,"Flop") -> Average | S66: =_xlfn.IFS(K66>=400,"Blockbuster",K66>=200,"Popular",K66<200,"Normal") -> Blockbuster | T66: =IF(OR(I66="PG",I66="G"),"Yes","No") -> No | U66: =IF(P66>=100,"High","Low") -> Low | V66: =Q66-P66 -> 329.6 | W66: =(Q66/P66)*100 -> 557.77778
A67: NFX-100066 | B67: Fading Frontier 5 | C67: TV Show | D67: Crime | E67: 2000 | F67: Spain | G67: 2024-02-12 | H67: 47 | I67: 18+ | J67: 5.1 | K67: 255.5 | L67: Spanish | M67: Bong Joon-ho | N67: Brad Pitt | O67: 6 | P67: 36 | Q67: 200.4 | R67: =_xlfn.IFS(J67>=8,"Hit",J67>=6,"Average",J67<6,"Flop") -> Flop | S67: =_xlfn.IFS(K67>=400,"Blockbuster",K67>=200,"Popular",K67<200,"Normal") -> Popular | T67: =IF(OR(I67="PG",I67="G"),"Yes","No") -> No | U67: =IF(P67>=100,"High","Low") -> Low | V67: =Q67-P67 -> 164.4 | W67: =(Q67/P67)*100 -> 556.66667
A68: NFX-100067 | B68: Dark Empire | C68: TV Show | D68: Drama | E68: 2025 | F68: Spain | G68: 2021-09-03 | H68: 57 | I68: 18+ | J68: 7.5 | K68: 218.8 | L68: Japanese | M68: James Cameron | N68: Robert Downey Jr. | O68: 3 | P68: 146 | Q68: 855.5 | R68: =_xlfn.IFS(J68>=8,"Hit",J68>=6,"Average",J68<6,"Flop") -> Average | S68: =_xlfn.IFS(K68>=400,"Blockbuster",K68>=200,"Popular",K68<200,"Normal") -> Popular | T68: =IF(OR(I68="PG",I68="G"),"Yes","No") -> No | U68: =IF(P68>=100,"High","Low") -> High | V68: =Q68-P68 -> 709.5 | W68: =(Q68/P68)*100 -> 585.9589
A69: NFX-100068 | B69: Iron Archive | C69: Movie | D69: Horror | E69: 2018 | F69: France | G69: 2023-03-18 | H69: 144 | I69: PG-13 | J69: 6.6 | K69: 163.4 | L69: French | M69: Christopher Nolan | N69: Timothée Chalamet | P69: 169 | Q69: 894.3 | R69: =_xlfn.IFS(J69>=8,"Hit",J69>=6,"Average",J69<6,"Flop") -> Average | S69: =_xlfn.IFS(K69>=400,"Blockbuster",K69>=200,"Popular",K69<200,"Normal") -> Normal | T69: =IF(OR(I69="PG",I69="G"),"Yes","No") -> No | U69: =IF(P69>=100,"High","Low") -> High | V69: =Q69-P69 -> 725.3 | W69: =(Q69/P69)*100 -> 529.1716
A70: NFX-100069 | B70: Shadow Archive 8 | C70: Movie | D70: Horror | E70: 2003 | F70: India | G70: 2022-05-17 | H70: 84 | I70: 16+ | J70: 5.7 | K70: 484.3 | L70: Korean | M70: Greta Gerwig | N70: Emma Stone | P70: 27 | Q70: 97 | R70: =_xlfn.IFS(J70>=8,"Hit",J70>=6,"Average",J70<6,"Flop") -> Flop | S70: =_xlfn.IFS(K70>=400,"Blockbuster",K70>=200,"Popular",K70<200,"Normal") -> Blockbuster | T70: =IF(OR(I70="PG",I70="G"),"Yes","No") -> No | U70: =IF(P70>=100,"High","Low") -> Low | V70: =Q70-P70 -> 70 | W70: =(Q70/P70)*100 -> 359.25926
A71: NFX-100070 | B71: Shadow Chronicles | C71: TV Show | D71: Horror | E71: 2002 | F71: USA | G71: 2022-10-31 | H71: 37 | I71: PG | J71: 9.4 | K71: 73.7 | L71: Japanese | M71: Zoya Akhtar | N71: Leonardo DiCaprio | O71: 5 | P71: 118 | Q71: 705.8 | R71: =_xlfn.IFS(J71>=8,"Hit",J71>=6,"Average",J71<6,"Flop") -> Hit | S71: =_xlfn.IFS(K71>=400,"Blockbuster",K71>=200,"Popular",K71<200,"Normal") -> Normal | T71: =IF(OR(I71="PG",I71="G"),"Yes","No") -> Yes | U71: =IF(P71>=100,"High","Low") -> High | V71: =Q71-P71 -> 587.8 | W71: =(Q71/P71)*100 -> 598.13559
A72: NFX-100071 | B72: Burning Code | C72: Movie | D72: Thriller | E72: 2021 | F72: Germany | G72: 2019-11-14 | H72: 168 | I72: PG | J72: 5.2 | K72: 232.1 | L72: Hindi | M72: Zoya Akhtar | N72: Song Kang-ho | P72: 171 | Q72: 974.2 | R72: =_xlfn.IFS(J72>=8,"Hit",J72>=6,"Average",J72<6,"Flop") -> Flop | S72: =_xlfn.IFS(K72>=400,"Blockbuster",K72>=200,"Popular",K72<200,"Normal") -> Popular | T72: =IF(OR(I72="PG",I72="G"),"Yes","No") -> Yes | U72: =IF(P72>=100,"High","Low") -> High | V72: =Q72-P72 -> 803.2 | W72: =(Q72/P72)*100 -> 569.7076
A73: NFX-100072 | B73: Hidden Archive | C73: TV Show | D73: Comedy | E73: 2014 | F73: Canada | G73: 2020-01-21 | H73: 32 | I73: 18+ | J73: 4.8 | K73: 88.6 | L73: German | M73: Ridley Scott | N73: Shah Rukh Khan | O73: 6 | P73: 71 | Q73: 419.7 | R73: =_xlfn.IFS(J73>=8,"Hit",J73>=6,"Average",J73<6,"Flop") -> Flop | S73: =_xlfn.IFS(K73>=400,"Blockbuster",K73>=200,"Popular",K73<200,"Normal") -> Normal | T73: =IF(OR(I73="PG",I73="G"),"Yes","No") -> No | U73: =IF(P73>=100,"High","Low") -> Low | V73: =Q73-P73 -> 348.7 | W73: =(Q73/P73)*100 -> 591.12676
A74: NFX-100073 | B74: Iron Odyssey | C74: Movie | D74: Comedy | E74: 2014 | F74: France | G74: 2024-06-21 | H74: 142 | I74: 18+ | J74: 5.5 | K74: 574.6 | L74: Korean | M74: Guillermo del Toro | N74: Ranbir Kapoor | P74: 61 | Q74: 237.8 | R74: =_xlfn.IFS(J74>=8,"Hit",J74>=6,"Average",J74<6,"Flop") -> Flop | S74: =_xlfn.IFS(K74>=400,"Blockbuster",K74>=200,"Popular",K74<200,"Normal") -> Blockbuster | T74: =IF(OR(I74="PG",I74="G"),"Yes","No") -> No | U74: =IF(P74>=100,"High","Low") -> Low | V74: =Q74-P74 -> 176.8 | W74: =(Q74/P74)*100 -> 389.83607
A75: NFX-100074 | B75: Dark Odyssey 7 | C75: TV Show | D75: Fantasy | E75: 2007 | F75: Germany | G75: 2018-08-23 | H75: 57 | I75: G | J75: 8.4 | K75: 448.4 | L75: French | M75: James Cameron | N75: Brad Pitt | O75: 2 | P75: 169 | Q75: 213.7 | R75: =_xlfn.IFS(J75>=8,"Hit",J75>=6,"Average",J75<6,"Flop") -> Hit | S75: =_xlfn.IFS(K75>=400,"Blockbuster",K75>=200,"Popular",K75<200,"Normal") -> Blockbuster | T75: =IF(OR(I75="PG",I75="G"),"Yes","No") -> Yes | U75: =IF(P75>=100,"High","Low") -> High | V75: =Q75-P75 -> 44.7 | W75: =(Q75/P75)*100 -> 126.4497
A76: NFX-100075 | B76: Iron Valley 3 | C76: TV Show | D76: Fantasy | E76: 2024 | F76: UK | G76: 2022-05-13 | H76: 57 | I76: 16+ | J76: 7.6 | K76: 216.9 | L76: English | M76: Quentin Tarantino | N76: Song Kang-ho | O76: 3 | P76: 67 | Q76: 431.7 | R76: =_xlfn.IFS(J76>=8,"Hit",J76>=6,"Average",J76<6,"Flop") -> Average | S76: =_xlfn.IFS(K76>=400,"Blockbuster",K76>=200,"Popular",K76<200,"Normal") -> Popular | T76: =IF(OR(I76="PG",I76="G"),"Yes","No") -> No | U76: =IF(P76>=100,"High","Low") -> Low | V76: =Q76-P76 -> 364.7 | W76: =(Q76/P76)*100 -> 644.32836
A77: NFX-100076 | B77: Golden Valley 3 | C77: TV Show | D77: Thriller | E77: 2007 | F77: India | G77: 2019-10-09 | H77: 35 | I77: 18+ | J77: 4.9 | K77: 209.9 | L77: German | M77: James Cameron | N77: Chris Evans | O77: 4 | P77: 112 | Q77: 265.1 | R77: =_xlfn.IFS(J77>=8,"Hit",J77>=6,"Average",J77<6,"Flop") -> Flop | S77: =_xlfn.IFS(K77>=400,"Blockbuster",K77>=200,"Popular",K77<200,"Normal") -> Popular | T77: =IF(OR(I77="PG",I77="G"),"Yes","No") -> No | U77: =IF(P77>=100,"High","Low") -> High | V77: =Q77-P77 -> 153.1 | W77: =(Q77/P77)*100 -> 236.69643
A78: NFX-100077 | B78: Burning Horizon | C78: TV Show | D78: Thriller | E78: 2004 | F78: Japan | G78: 2020-08-09 | H78: 40 | I78: 18+ | J78: 7.9 | K78: 36.5 | L78: French | M78: Park Chan-wook | N78: Robert Downey Jr. | O78: 5 | P78: 114 | Q78: 573.9 | R78: =_xlfn.IFS(J78>=8,"Hit",J78>=6,"Average",J78<6,"Flop") -> Average | S78: =_xlfn.IFS(K78>=400,"Blockbuster",K78>=200,"Popular",K78<200,"Normal") -> Normal | T78: =IF(OR(I78="PG",I78="G"),"Yes","No") -> No | U78: =IF(P78>=100,"High","Low") -> High | V78: =Q78-P78 -> 459.9 | W78: =(Q78/P78)*100 -> 503.42105
A79: NFX-100078 | B79: Broken Horizon 2 | C79: TV Show | D79: Horror | E79: 2019 | F79: India | G79: 2023-08-18 | H79: 47 | I79: PG | J79: 7.3 | K79: 52.6 | L79: Spanish | M79: Steven Spielberg | N79: Ranbir Kapoor | O79: 2 | P79: 153 | Q79: 636.1 | R79: =_xlfn.IFS(J79>=8,"Hit",J79>=6,"Average",J79<6,"Flop") -> Average | S79: =_xlfn.IFS(K79>=400,"Blockbuster",K79>=200,"Popular",K79<200,"Normal") -> Normal | T79: =IF(OR(I79="PG",I79="G"),"Yes","No") -> Yes | U79: =IF(P79>=100,"High","Low") -> High | V79: =Q79-P79 -> 483.1 | W79: =(Q79/P79)*100 -> 415.75163
A80: NFX-100079 | B80: Shadow City 6 | C80: TV Show | D80: Documentary | E80: 2002 | F80: France | G80: 2019-04-03 | H80: 51 | I80: 16+ | J80: 8.2 | K80: 201.7 | L80: Japanese | M80: Anurag Kashyap | N80: Chris Evans | O80: 8 | P80: 60 | Q80: 162.3 | R80: =_xlfn.IFS(J80>=8,"Hit",J80>=6,"Average",J80<6,"Flop") -> Hit | S80: =_xlfn.IFS(K80>=400,"Blockbuster",K80>=200,"Popular",K80<200,"Normal") -> Popular | T80: =IF(OR(I80="PG",I80="G"),"Yes","No") -> No | U80: =IF(P80>=100,"High","Low") -> Low | V80: =Q80-P80 -> 102.3 | W80: =(Q80/P80)*100 -> 270.5
A81: NFX-100080 | B81: Shadow Archive 3 | C81: TV Show | D81: Comedy | E81: 2000 | F81: UK | G81: 2018-08-20 | H81: 60 | I81: G | J81: 5.7 | K81: 89.5 | L81: Spanish | M81: Park Chan-wook | N81: Deepika Padukone | O81: 8 | P81: 76 | Q81: 433.9 | R81: =_xlfn.IFS(J81>=8,"Hit",J81>=6,"Average",J81<6,"Flop") -> Flop | S81: =_xlfn.IFS(K81>=400,"Blockbuster",K81>=200,"Popular",K81<200,"Normal") -> Normal | T81: =IF(OR(I81="PG",I81="G"),"Yes","No") -> Yes | U81: =IF(P81>=100,"High","Low") -> Low | V81: =Q81-P81 -> 357.9 | W81: =(Q81/P81)*100 -> 570.92105
A82: NFX-100081 | B82: Dark Odyssey 9 | C82: Movie | D82: Horror | E82: 2006 | F82: Canada | G82: 2024-05-10 | H82: 101 | I82: 18+ | J82: 6.8 | K82: 214 | L82: Hindi | M82: Guillermo del Toro | N82: Ranbir Kapoor | P82: 143 | Q82: 184.3 | R82: =_xlfn.IFS(J82>=8,"Hit",J82>=6,"Average",J82<6,"Flop") -> Average | S82: =_xlfn.IFS(K82>=400,"Blockbuster",K82>=200,"Popular",K82<200,"Normal") -> Popular | T82: =IF(OR(I82="PG",I82="G"),"Yes","No") -> No | U82: =IF(P82>=100,"High","Low") -> High | V82: =Q82-P82 -> 41.3 | W82: =(Q82/P82)*100 -> 128.88112
A83: NFX-100082 | B83: Lost Storm 7 | C83: Movie | D83: Crime | E83: 2017 | F83: India | G83: 2021-06-04 | H83: 135 | I83: PG | J83: 8.8 | K83: 302.4 | L83: Korean | M83: Ridley Scott | N83: Leonardo DiCaprio | P83: 131 | Q83: 822.3 | R83: =_xlfn.IFS(J83>=8,"Hit",J83>=6,"Average",J83<6,"Flop") -> Hit | S83: =_xlfn.IFS(K83>=400,"Blockbuster",K83>=200,"Popular",K83<200,"Normal") -> Popular | T83: =IF(OR(I83="PG",I83="G"),"Yes","No") -> Yes | U83: =IF(P83>=100,"High","Low") -> High | V83: =Q83-P83 -> 691.3 | W83: =(Q83/P83)*100 -> 627.70992
A84: NFX-100083 | B84: Silent Legacy | C84: TV Show | D84: Romance | E84: 2021 | F84: France | G84: 2022-08-22 | H84: 41 | I84: PG | J84: 7.5 | K84: 122.5 | L84: German | M84: Anurag Kashyap | N84: Chris Evans | O84: 5 | P84: 175 | Q84: 706.7 | R84: =_xlfn.IFS(J84>=8,"Hit",J84>=6,"Average",J84<6,"Flop") -> Average | S84: =_xlfn.IFS(K84>=400,"Blockbuster",K84>=200,"Popular",K84<200,"Normal") -> Normal | T84: =IF(OR(I84="PG",I84="G"),"Yes","No") -> Yes | U84: =IF(P84>=100,"High","Low") -> High | V84: =Q84-P84 -> 531.7 | W84: =(Q84/P84)*100 -> 403.82857
A85: NFX-100084 | B85: Fading Empire 8 | C85: Movie | D85: Action | E85: 2003 | F85: India | G85: 2022-02-02 | H85: 123 | I85: PG | J85: 7.7 | K85: 379.4 | L85: Hindi | M85: Rajkumar Hirani | N85: Shah Rukh Khan | P85: 13 | Q85: 34.5 | R85: =_xlfn.IFS(J85>=8,"Hit",J85>=6,"Average",J85<6,"Flop") -> Average | S85: =_xlfn.IFS(K85>=400,"Blockbuster",K85>=200,"Popular",K85<200,"Normal") -> Popular | T85: =IF(OR(I85="PG",I85="G"),"Yes","No") -> Yes | U85: =IF(P85>=100,"High","Low") -> Low | V85: =Q85-P85 -> 21.5 | W85: =(Q85/P85)*100 -> 265.38462
A86: NFX-100085 | B86: Secret Horizon 2 | C86: Movie | D86: Fantasy | E86: 2020 | F86: Japan | G86: 2021-09-12 | H86: 171 | I86: PG-13 | J86: 7.2 | K86: 464.8 | L86: English | M86: Guillermo del Toro | N86: Brad Pitt | P86: 125 | Q86: 294.8 | R86: =_xlfn.IFS(J86>=8,"Hit",J86>=6,"Average",J86<6,"Flop") -> Average | S86: =_xlfn.IFS(K86>=400,"Blockbuster",K86>=200,"Popular",K86<200,"Normal") -> Blockbuster | T86: =IF(OR(I86="PG",I86="G"),"Yes","No") -> No | U86: =IF(P86>=100,"High","Low") -> High | V86: =Q86-P86 -> 169.8 | W86: =(Q86/P86)*100 -> 235.84
A87: NFX-100086 | B87: Golden Valley | C87: TV Show | D87: Sci-Fi | E87: 2001 | F87: South Korea | G87: 2019-04-17 | H87: 31 | I87: 18+ | J87: 8.7 | K87: 182.2 | L87: English | M87: Zoya Akhtar | N87: Ryan Gosling | O87: 5 | P87: 126 | Q87: 331.6 | R87: =_xlfn.IFS(J87>=8,"Hit",J87>=6,"Average",J87<6,"Flop") -> Hit | S87: =_xlfn.IFS(K87>=400,"Blockbuster",K87>=200,"Popular",K87<200,"Normal") -> Normal | T87: =IF(OR(I87="PG",I87="G"),"Yes","No") -> No | U87: =IF(P87>=100,"High","Low") -> High | V87: =Q87-P87 -> 205.6 | W87: =(Q87/P87)*100 -> 263.1746
A88: NFX-100087 | B88: Golden Protocol | C88: TV Show | D88: Sci-Fi | E88: 2024 | F88: Australia | G88: 2019-01-22 | H88: 50 | I88: PG-13 | J88: 5.5 | K88: 106.4 | L88: Korean | M88: Ridley Scott | N88: Robert Downey Jr. | O88: 5 | P88: 100 | Q88: 429.2 | R88: =_xlfn.IFS(J88>=8,"Hit",J88>=6,"Average",J88<6,"Flop") -> Flop | S88: =_xlfn.IFS(K88>=400,"Blockbuster",K88>=200,"Popular",K88<200,"Normal") -> Normal | T88: =IF(OR(I88="PG",I88="G"),"Yes","No") -> No | U88: =IF(P88>=100,"High","Low") -> High | V88: =Q88-P88 -> 329.2 | W88: =(Q88/P88)*100 -> 429.2
A89: NFX-100088 | B89: Dark Journey 1 | C89: Movie | D89: Horror | E89: 2002 | F89: Japan | G89: 2021-12-14 | H89: 145 | I89: G | J89: 6.1 | K89: 103.8 | L89: English | M89: Anurag Kashyap | N89: Song Kang-ho | P89: 190 | Q89: 391 | R89: =_xlfn.IFS(J89>=8,"Hit",J89>=6,"Average",J89<6,"Flop") -> Average | S89: =_xlfn.IFS(K89>=400,"Blockbuster",K89>=200,"Popular",K89<200,"Normal") -> Normal | T89: =IF(OR(I89="PG",I89="G"),"Yes","No") -> Yes | U89: =IF(P89>=100,"High","Low") -> High | V89: =Q89-P89 -> 201 | W89: =(Q89/P89)*100 -> 205.78947
A90: NFX-100089 | B90: Broken Horizon 5 | C90: Movie | D90: Sci-Fi | E90: 2004 | F90: Canada | G90: 2024-05-15 | H90: 142 | I90: 16+ | J90: 6.3 | K90: 504.6 | L90: Japanese | M90: Bong Joon-ho | N90: Chris Evans | P90: 160 | Q90: 808.8 | R90: =_xlfn.IFS(J90>=8,"Hit",J90>=6,"Average",J90<6,"Flop") -> Average | S90: =_xlfn.IFS(K90>=400,"Blockbuster",K90>=200,"Popular",K90<200,"Normal") -> Blockbuster | T90: =IF(OR(I90="PG",I90="G"),"Yes","No") -> No | U90: =IF(P90>=100,"High","Low") -> High | V90: =Q90-P90 -> 648.8 | W90: =(Q90/P90)*100 -> 505.5
A91: NFX-100090 | B91: Crystal Protocol | C91: Movie | D91: Drama | E91: 2019 | F91: Japan | G91: 2021-08-03 | H91: 149 | I91: G | J91: 5.6 | K91: 134.7 | L91: Spanish | M91: Sanjay Leela Bhansali | N91: Brad Pitt | P91: 18 | Q91: 52.7 | R91: =_xlfn.IFS(J91>=8,"Hit",J91>=6,"Average",J91<6,"Flop") -> Flop | S91: =_xlfn.IFS(K91>=400,"Blockbuster",K91>=200,"Popular",K91<200,"Normal") -> Normal | T91: =IF(OR(I91="PG",I91="G"),"Yes","No") -> Yes | U91: =IF(P91>=100,"High","Low") -> Low | V91: =Q91-P91 -> 34.7 | W91: =(Q91/P91)*100 -> 292.77778
A92: NFX-100091 | B92: Hidden Horizon | C92: TV Show | D92: Adventure | E92: 2005 | F92: Australia | G92: 2019-02-20 | H92: 39 | I92: G | J92: 6.2 | K92: 366.2 | L92: French | M92: Park Chan-wook | N92: Emma Stone | O92: 7 | P92: 5 | Q92: 19.6 | R92: =_xlfn.IFS(J92>=8,"Hit",J92>=6,"Average",J92<6,"Flop") -> Average | S92: =_xlfn.IFS(K92>=400,"Blockbuster",K92>=200,"Popular",K92<200,"Normal") -> Popular | T92: =IF(OR(I92="PG",I92="G"),"Yes","No") -> Yes | U92: =IF(P92>=100,"High","Low") -> Low | V92: =Q92-P92 -> 14.6 | W92: =(Q92/P92)*100 -> 392
A93: NFX-100092 | B93: Burning Echo 5 | C93: Movie | D93: Romance | E93: 2020 | F93: South Korea | G93: 2022-05-04 | H93: 96 | I93: PG | J93: 8.5 | K93: 232.9 | L93: Japanese | M93: Rajkumar Hirani | N93: Shah Rukh Khan | P93: 114 | Q93: 170 | R93: =_xlfn.IFS(J93>=8,"Hit",J93>=6,"Average",J93<6,"Flop") -> Hit | S93: =_xlfn.IFS(K93>=400,"Blockbuster",K93>=200,"Popular",K93<200,"Normal") -> Popular | T93: =IF(OR(I93="PG",I93="G"),"Yes","No") -> Yes | U93: =IF(P93>=100,"High","Low") -> High | V93: =Q93-P93 -> 56 | W93: =(Q93/P93)*100 -> 149.12281
A94: NFX-100093 | B94: Hidden Protocol 2 | C94: TV Show | D94: Thriller | E94: 2015 | F94: Canada | G94: 2020-01-16 | H94: 54 | I94: PG-13 | J94: 7.2 | K94: 61.3 | L94: English | M94: Christopher Nolan | N94: Emma Stone | O94: 4 | P94: 8 | Q94: 24.6 | R94: =_xlfn.IFS(J94>=8,"Hit",J94>=6,"Average",J94<6,"Flop") -> Average | S94: =_xlfn.IFS(K94>=400,"Blockbuster",K94>=200,"Popular",K94<200,"Normal") -> Normal | T94: =IF(OR(I94="PG",I94="G"),"Yes","No") -> No | U94: =IF(P94>=100,"High","Low") -> Low | V94: =Q94-P94 -> 16.6 | W94: =(Q94/P94)*100 -> 307.5
A95: NFX-100094 | B95: Shadow Frontier 4 | C95: TV Show | D95: Action | E95: 2008 | F95: USA | G95: 2019-03-22 | H95: 60 | I95: 18+ | J95: 4.5 | K95: 157.3 | L95: Korean | M95: James Cameron | N95: Song Kang-ho | O95: 4 | P95: 64 | Q95: 255.6 | R95: =_xlfn.IFS(J95>=8,"Hit",J95>=6,"Average",J95<6,"Flop") -> Flop | S95: =_xlfn.IFS(K95>=400,"Blockbuster",K95>=200,"Popular",K95<200,"Normal") -> Normal | T95: =IF(OR(I95="PG",I95="G"),"Yes","No") -> No | U95: =IF(P95>=100,"High","Low") -> Low | V95: =Q95-P95 -> 191.6 | W95: =(Q95/P95)*100 -> 399.375
A96: NFX-100095 | B96: Midnight Valley 3 | C96: Movie | D96: Action | E96: 2020 | F96: Australia | G96: 2020-05-20 | H96: 132 | I96: 18+ | J96: 7.5 | K96: 504.5 | L96: Japanese | M96: Denis Villeneuve | N96: Scarlett Johansson | P96: 160 | Q96: 603.1 | R96: =_xlfn.IFS(J96>=8,"Hit",J96>=6,"Average",J96<6,"Flop") -> Average | S96: =_xlfn.IFS(K96>=400,"Blockbuster",K96>=200,"Popular",K96<200,"Normal") -> Blockbuster | T96: =IF(OR(I96="PG",I96="G"),"Yes","No") -> No | U96: =IF(P96>=100,"High","Low") -> High | V96: =Q96-P96 -> 443.1 | W96: =(Q96/P96)*100 -> 376.9375
A97: NFX-100096 | B97: Last Frontier 4 | C97: Movie | D97: Action | E97: 2015 | F97: Germany | G97: 2022-04-22 | H97: 96 | I97: 16+ | J97: 6 | K97: 392.8 | L97: English | M97: Denis Villeneuve | N97: Brad Pitt | P97: 31 | Q97: 196.1 | R97: =_xlfn.IFS(J97>=8,"Hit",J97>=6,"Average",J97<6,"Flop") -> Average | S97: =_xlfn.IFS(K97>=400,"Blockbuster",K97>=200,"Popular",K97<200,"Normal") -> Popular | T97: =IF(OR(I97="PG",I97="G"),"Yes","No") -> No | U97: =IF(P97>=100,"High","Low") -> Low | V97: =Q97-P97 -> 165.1 | W97: =(Q97/P97)*100 -> 632.58065
A98: NFX-100097 | B98: Last Valley 4 | C98: Movie | D98: Crime | E98: 2008 | F98: South Korea | G98: 2023-02-02 | H98: 118 | I98: 16+ | J98: 8.8 | K98: 214.5 | L98: Korean | M98: Sanjay Leela Bhansali | N98: Brad Pitt | P98: 96 | Q98: 600.6 | R98: =_xlfn.IFS(J98>=8,"Hit",J98>=6,"Average",J98<6,"Flop") -> Hit | S98: =_xlfn.IFS(K98>=400,"Blockbuster",K98>=200,"Popular",K98<200,"Normal") -> Popular | T98: =IF(OR(I98="PG",I98="G"),"Yes","No") -> No | U98: =IF(P98>=100,"High","Low") -> Low | V98: =Q98-P98 -> 504.6 | W98: =(Q98/P98)*100 -> 625.625
A99: NFX-100098 | B99: Golden Horizon 5 | C99: TV Show | D99: Comedy | E99: 2023 | F99: Spain | G99: 2022-07-29 | H99: 32 | I99: 18+ | J99: 8.1 | K99: 485.7 | L99: English | M99: Park Chan-wook | N99: Tom Hardy | O99: 4 | P99: 139 | Q99: 281.4 | R99: =_xlfn.IFS(J99>=8,"Hit",J99>=6,"Average",J99<6,"Flop") -> Hit | S99: =_xlfn.IFS(K99>=400,"Blockbuster",K99>=200,"Popular",K99<200,"Normal") -> Blockbuster | T99: =IF(OR(I99="PG",I99="G"),"Yes","No") -> No | U99: =IF(P99>=100,"High","Low") -> High | V99: =Q99-P99 -> 142.4 | W99: =(Q99/P99)*100 -> 202.44604
A100: NFX-100099 | B100: Golden Legacy 1 | C100: TV Show | D100: Drama | E100: 2021 | F100: Spain | G100: 2022-11-03 | H100: 46 | I100: PG-13 | J100: 8.2 | K100: 166 | L100: Korean | M100: Bong Joon-ho | N100: Song Kang-ho | O100: 7 | P100: 191 | Q100: 719.6 | R100: =_xlfn.IFS(J100>=8,"Hit",J100>=6,"Average",J100<6,"Flop") -> Hit | S100: =_xlfn.IFS(K100>=400,"Blockbuster",K100>=200,"Popular",K100<200,"Normal") -> Normal | T100: =IF(OR(I100="PG",I100="G"),"Yes","No") -> No | U100: =IF(P100>=100,"High","Low") -> High | V100: =Q100-P100 -> 528.6 | W100: =(Q100/P100)*100 -> 376.75393
...

Sheet Q_a
A1: 1 | F1: Count | K1: 8 | O1: Average
A2: Count the total number of content titles in the dataset | F2: =COUNTA(Netflix_Data!B2:B1501) -> 1500 | K2: Find the average budget of all content | O2: =AVERAGE(Netflix_Data!P2:P1501) -> 101.93667
A5: 2 | E5: Type | F5: Count | K5: 9 | P5: MAX
A6: Count how many Movies/TV Shows are there | E6: TV Show | F6: =COUNTIF(Netflix_Data!C2:C1501,E6) -> 743 | K6: Find the maximum revenue generated by any title | P6: =MAX(Netflix_Data!Q2:Q1501) -> 1265.2
A9: 3 | E9: Average | K9: 10 | O9: MIN
A10: Find the average IMDb rating of all content | E10: =AVERAGE(Netflix_Data!J2:J1501) -> 7.0219333 | K10: Find the minimum duration of content | O10: =MIN(Netflix_Data!H2:H1501) -> 30
A13: 4 | K13: 11 | O13: Total Count
A14: Find the maximum IMDb rating | D14: =MAX(Netflix_Data!J2:J1501) -> 9.6 | K14: Count how many Action genre titles exist | O14: =COUNTIF(Netflix_Data!D2:D1501,"Action") -> 134
A15: Find the minimun IMDb rating | D15: =MIN(Netflix_Data!J2:J1501) -> 4.5
K17: 12 | O17: Country | P17: Total Count
A18: 5 | E18: Total Views | K18: Count how many titles were produced in | O18: UK | P18: =COUNTIF(Netflix_Data!F2:F1501,Q_a!O18) -> 150
A19: Calculate total views (in millions) of all content | E19: =SUM(Netflix_Data!K2:K1501) -> 449993
K21: 13 | P21: IMDb Rating | Q21: Count
A22: 6 | E22: Country | F22: Total Views | K22: Count how many contents have IMDb rating above | P22: 9 | Q22: =COUNTIF(Netflix_Data!J2:J1501,Q_a!P22) -> 23
A23: Find total views of content produced in | E23: USA | F23: =SUMIF(Netflix_Data!A1:Q1501,Q_a!E23,Netflix_Data!K2:K1501) -> 17365
K25: 14 | N25: Genre | O25: Rating
A26: 7 | F26: Average | K26: Find average IMDb rating | N26: Action | O26: =ROUNDUP(AVERAGEIFS(Netflix_Data!J1:J1501,Netflix_Data!D1:D1501,Q_a!N26),1) -> 7.1
A27: Find average rating of content released after 2020 | F27: =ROUNDUP(AVERAGEIFS(Netflix_Data!J2:J1501,Netflix_Data!E2:E1501,">2020"),1) -> 7.2
G30: 15 | J30: Seasons | K30: Count
G31: Count how many TV Shows have | J31: <6 | K31: =COUNTIFS(Netflix_Data!C1:C1501,"TV Show",Netflix_Data!O1:O1501,Q_a!J31) -> 450

Sheet Q_b
A1: Q) Create a search box where entering Content_ID returns Title, Genre and IMDb rating
A3: Content_ID | B3: Title | C3: Genre | D3: IMDb rating
A4: NFX-100009 | B4: =VLOOKUP(A4,Netflix_Data!A1:U1501,2,0) -> Midnight Empire 5 | C4: =VLOOKUP(A4,Netflix_Data!A1:U1501,4,0) -> Fantasy | D4: =VLOOKUP(A4,Netflix_Data!A1:U1501,10,0) -> 4.9
A7: Q) Return the details by giving Title
A9: Title | B9: Director | C9: Revenue_Million_USD | D9: Genre | E9: Views_Millions | F9: Lead_Actor | G9: Language
A10: Midnight Empire 5 | B10: =VLOOKUP($A10,Netflix_Data!$B$1:$U$1501,MATCH(B9,Netflix_Data!$B$1:$U$1,0),0) -> Guillermo del Toro | C10: =VLOOKUP($A10,Netflix_Data!$B$1:$U$1501,MATCH(C9,Netflix_Data!$B$1:$U$1,0),0) -> 141 | D10: =VLOOKUP($A10,Netflix_Data!$B$1:$U$1501,MATCH(D9,Netflix_Data!$B$1:$U$1,0),0) -> Fantasy | E10: =VLOOKUP($A10,Netflix_Data!$B$1:$U$1501,MATCH(E9,Netflix_Data!$B$1:$U$1,0),0) -> 590.4 | F10: =VLOOKUP($A10,Netflix_Data!$B$1:$U$1501,MATCH(F9,Netflix_Data!$B$1:$U$1,0),0) -> Chris Evans | G10: =VLOOKUP($A10,Netflix_Data!$B$1:$U$1501,MATCH(G9,Netflix_Data!$B$1:$U$1,0),0) -> Spanish
A13: Q) Find top 5 most viewed titles
A15: Views | B15: Title
A16: =LARGE(Netflix_Data!K:K,ROW(A1)) -> 599.3 | B16: =INDEX(Netflix_Data!B:B,MATCH(A16,Netflix_Data!K:K,0)) -> Last Legacy
A17: =LARGE(Netflix_Data!K:K,ROW(A2)) -> 598.7 | B17: =INDEX(Netflix_Data!B:B,MATCH(A17,Netflix_Data!K:K,0)) -> Silent Odyssey 8
A18: =LARGE(Netflix_Data!K:K,ROW(A3)) -> 598.6 | B18: =INDEX(Netflix_Data!B:B,MATCH(A18,Netflix_Data!K:K,0)) -> Shadow Frontier 2
A19: =LARGE(Netflix_Data!K:K,ROW(A4)) -> 598.4 | B19: =INDEX(Netflix_Data!B:B,MATCH(A19,Netflix_Data!K:K,0)) -> Burning Protocol 7
A20: =LARGE(Netflix_Data!K:K,ROW(A5)) -> 597.4 | B20: =INDEX(Netflix_Data!B:B,MATCH(A20,Netflix_Data!K:K,0)) -> Midnight City 5
A23: Q) Find top 5 highest revenue titles
A25: Highest Revenue | B25: Title
A26: =LARGE(Netflix_Data!Q:Q,ROW(A1)) -> 1265.2 | B26: =INDEX(Netflix_Data!B:B,MATCH(A26,Netflix_Data!Q:Q,0)) -> Lost Horizon 2
A27: =LARGE(Netflix_Data!Q:Q,ROW(A2)) -> 1243.4 | B27: =INDEX(Netflix_Data!B:B,MATCH(A27,Netflix_Data!Q:Q,0)) -> Fading Code 1
A28: =LARGE(Netflix_Data!Q:Q,ROW(A3)) -> 1238.5 | B28: =INDEX(Netflix_Data!B:B,MATCH(A28,Netflix_Data!Q:Q,0)) -> Hidden Frontier 8
A29: =LARGE(Netflix_Data!Q:Q,ROW(A4)) -> 1217.2 | B29: =INDEX(Netflix_Data!B:B,MATCH(A29,Netflix_Data!Q:Q,0)) -> Golden Odyssey 8
A30: =LARGE(Netflix_Data!Q:Q,ROW(A5)) -> 1209.8 | B30: =INDEX(Netflix_Data!B:B,MATCH(A30,Netflix_Data!Q:Q,0)) -> Burning Signal

Sheet Table
A1: Find number of titles by Genre | F1: Find average IMDb rating by Country | K1: Find total revenue by Genre
A3: Row Labels | B3: Count of Title | F3: Row Labels | G3: Average of IMDb_Rating | K3: Row Labels | L3: Sum of Revenue_Million_USD
A4: Action | B4: 134 | F4: Australia | G4: 6.8977941 | K4: Action | L4: 53729.3
A5: Adventure | B5: 149 | F5: Canada | G5: 7.0668966 | K5: Adventure | L5: 61214.7
A6: Comedy | B6: 119 | F6: France | G6: 7.0066176 | K6: Comedy | L6: 44643.2
A7: Crime | B7: 155 | F7: Germany | G7: 7.0875862 | K7: Crime | L7: 60829.9
A8: Documentary | B8: 133 | F8: India | G8: 7.1524691 | K8: Documentary | L8: 52959.7
A9: Drama | B9: 131 | F9: Japan | G9: 7.0892216 | K9: Drama | L9: 49652.7
A10: Fantasy | B10: 134 | F10: South Korea | G10: 7.0917197 | K10: Fantasy | L10: 56786
A11: Horror | B11: 139 | F11: Spain | G11: 6.7679104 | K11: Horror | L11: 53201.9
A12: Romance | B12: 147 | F12: UK | G12: 7.0046667 | K12: Romance | L12: 58614.6
A13: Sci-Fi | B13: 127 | F13: USA | G13: 6.9994048 | K13: Sci-Fi | L13: 49477
A14: Thriller | B14: 132 | F14: Grand Total | G14: 7.0219333 | K14: Thriller | L14: 48980.9
A15: Grand Total | B15: 1500 | K15: Grand Total | L15: 590089.9

Sheet Chart
F1: Chart showing Views by Genre
B4: Row Labels | C4: Sum of Views_Millions
B5: Action | C5: 38416.7
B6: Adventure | C6: 45281.2
B7: Comedy | C7: 35044
B8: Crime | C8: 43798.3
B9: Documentary | C9: 40070.3
B10: Drama | C10: 40065
B11: Fantasy | C11: 40997.1
B12: Horror | C12: 42325.2
B13: Romance | C13: 45408
B14: Sci-Fi | C14: 38258.6
B15: Thriller | C15: 40328.6
B16: Grand Total | C16: 449993
