Workbook

Sheet Products
A1: ProductID | B1: Product | C1: Price | D1: Orderd/NotOrderd
A2: 101 | B2: Product A | C2: 120 | D2: =IF(ISNA(VLOOKUP(A2,Orders!$B$1:$F$7,1,0)),"NotOrdered","Ordered") -> Ordered
A3: 102 | B3: Product B | C3: 150 | D3: =IF(ISNA(VLOOKUP(A3,Orders!$B$1:$F$7,1,0)),"NotOrdered","Ordered") -> Ordered
A4: 103 | B4: Product C | C4: 200 | D4: =IF(ISNA(VLOOKUP(A4,Orders!$B$1:$F$7,1,0)),"NotOrdered","Ordered") -> Ordered
A5: 104 | B5: Product D | C5: 90 | D5: =IF(ISNA(VLOOKUP(A5,Orders!$B$1:$F$7,1,0)),"NotOrdered","Ordered") -> Ordered
A6: 105 | B6: Product E | C6: 220 | D6: =IF(ISNA(VLOOKUP(A6,Orders!$B$1:$F$7,1,0)),"NotOrdered","Ordered") -> Ordered
A7: 106 | B7: Product F | C7: 130 | D7: =IF(ISNA(VLOOKUP(A7,Orders!$B$1:$F$7,1,0)),"NotOrdered","Ordered") -> Ordered
A8: 107 | B8: Product G | C8: 250 | D8: =IF(ISNA(VLOOKUP(A8,Orders!$B$1:$F$7,1,0)),"NotOrdered","Ordered") -> NotOrdered

Sheet Orders
A1: OrderID | B1: ProductID | C1: Product Name | D1: Price | E1: Quantity | F1: Total Price | G1: Discounted Price | H1: Status
A2: 1 | B2: 101 | C2: =VLOOKUP(B2,Products!$A$1:$C$7,2,0) -> Product A | D2: =VLOOKUP(B2,Products!A1:C7,3,0) -> 120 | E2: 2 | F2: =D2*E2 -> 240 | G2: =D2-(D2*10)/100 -> 108 | H2: =IF(ISNA(VLOOKUP(B2,Products!$A$1:$D$8,2,0)),"Not Exist","Exist") -> Exist
A3: 2 | B3: 102 | C3: =VLOOKUP(B3,Products!$A$1:$C$7,2,0) -> Product B | D3: =VLOOKUP(B3,Products!A2:C8,3,0) -> 150 | E3: 1 | F3: =D3*E3 -> 150 | G3: =D3-(D3*10)/100 -> 135 | H3: =IF(ISNA(VLOOKUP(B3,Products!$A$1:$D$8,2,0)),"Not Exist","Exist") -> Exist
A4: 3 | B4: 103 | C4: =VLOOKUP(B4,Products!$A$1:$C$7,2,0) -> Product C | D4: =VLOOKUP(B4,Products!A3:C9,3,0) -> 200 | E4: 4 | F4: =D4*E4 -> 800 | G4: =D4-(D4*10)/100 -> 180 | H4: =IF(ISNA(VLOOKUP(B4,Products!$A$1:$D$8,2,0)),"Not Exist","Exist") -> Exist
A5: 4 | B5: 104 | C5: =VLOOKUP(B5,Products!$A$1:$C$7,2,0) -> Product D | D5: =VLOOKUP(B5,Products!A4:C10,3,0) -> 90 | E5: 3 | F5: =D5*E5 -> 270 | G5: =D5-(D5*10)/100 -> 81 | H5: =IF(ISNA(VLOOKUP(B5,Products!$A$1:$D$8,2,0)),"Not Exist","Exist") -> Exist
A6: 5 | B6: 105 | C6: =VLOOKUP(B6,Products!$A$1:$C$7,2,0) -> Product E | D6: =VLOOKUP(B6,Products!A5:C11,3,0) -> 220 | E6: 5 | F6: =D6*E6 -> 1100 | G6: =D6-(D6*10)/100 -> 198 | H6: =IF(ISNA(VLOOKUP(B6,Products!$A$1:$D$8,2,0)),"Not Exist","Exist") -> Exist
A7: 6 | B7: 106 | C7: =VLOOKUP(B7,Products!$A$1:$C$7,2,0) -> Product F | D7: =VLOOKUP(B7,Products!A6:C12,3,0) -> 130 | E7: 6 | F7: =D7*E7 -> 780 | G7: =D7-(D7*10)/100 -> 117 | H7: =IF(ISNA(VLOOKUP(B7,Products!$A$1:$D$8,2,0)),"Not Exist","Exist") -> Exist
A8: 7 | B8: 108 | C8: Product H | H8: =IF(ISNA(VLOOKUP(B8,Products!$A$1:$D$8,2,0)),"Not Exist","Exist") -> Not Exist
F10: MAX Order Value | G10: =MAX(F2:F7) -> 1100
